ALTIS,1,1,1
APPLAUSE,1,1,1
APPLAUSE THETA,1,1,1
ATRAI,1,1,1
ATRAI 7,1,1,1
ATRAI WAGON,1,1,1
BEGO,1,1,1
BOON,1,1,1
BOON LUMINAS,1,1,1
CAST,1,1,1
CHARADE,1,1,1
CHARADE DeTOMASO,1,1,1
CHARADE SOCIAL,1,1,1
COO,1,1,1
COPEN,1,1,1
DELTA WAGON,1,1,1
DELTA WIDE WAGON,1,1,1
ESSE,1,1,1
LEEZA,1,1,1
MAX,1,1,1
MEBIUS,1,1,1
MIDGETII,1,1,1
MIRA,1,1,1
MIRA AVY,1,1,1
MIRA COCOA,1,1,1
MIRA CUSTOM,1,1,1
MIRA ES,1,1,1
MIRA GINO,1,1,1
MIRA GINO 1000,1,1,1
MIRA MODERNO,1,1,1
MIRA TOCOT,1,1,1
MIRA TRXX,1,1,1
MOVE,1,1,1
MOVE CANBUS,1,1,1
MOVE CONTE,1,1,1
MOVE LATTE,1,1,1
NAKED,1,1,1
OPTI,1,1,1
PYZAR,1,1,1
ROCKY,1,1,1
RUGGER,1,1,1
SONICA,1,1,1
STORIA,1,1,1
TANTO,1,1,1
TANTO EXE,1,1,1
TERIOS,1,1,1
TERIOS KID,1,1,1
TERIOS LUCIA,1,1,1
THOR,1,1,1
WAKE,1,1,1
YRV,1,1,1
CT200H,2,1,1
ES300H,2,1,1
GS F,2,1,1
GS200T,2,1,1
GS250,2,1,1
GS300,2,1,1
GS300H,2,1,1
GS350,2,1,1
GS430,2,1,1
GS450H,2,1,1
GS460,2,1,1
HS250H,2,1,1
IS F,2,1,1
IS200T,2,1,1
IS250,2,1,1
IS250C,2,1,1
IS300,2,1,1
IS300H,2,1,1
IS350,2,1,1
IS350C,2,1,1
LC500,2,1,1
LC500H,2,1,1
LFA,2,1,1
LS460,2,1,1
LS460L,2,1,1
LS500,2,1,1
LS500H,2,1,1
LS600H,2,1,1
LX570,2,1,1
NX200T,2,1,1
NX300,2,1,1
NX300H,2,1,1
RC F,2,1,1
RC200T,2,1,1
RC300,2,1,1
RC300H,2,1,1
RC350,2,1,1
RX200T,2,1,1
RX270,2,1,1
RX300,2,1,1
RX350,2,1,1
RX450H,2,1,1
SC,2,1,1
SC430,2,1,1
UX200,2,1,1
UX250H,2,1,1
ALCYONE,3,1,1
ALCYONE SVX,3,1,1
BIGHORN,3,1,1
BRZ,3,1,1
CHIFFON,3,1,1
DEX,3,1,1
DIAS WAGON,3,1,1
DOMINGO,3,1,1
EXIGA,3,1,1
EXIGA CROSSOVER7,3,1,1
FORESTER,3,1,1
IMPREZA,3,1,1
IMPREZA ANESIS,3,1,1
IMPREZA G4,3,1,1
IMPREZA RETNA,3,1,1
IMPREZA SPORTS,3,1,1
IMPREZA SPORTS HYBRID,3,1,1
IMPREZA SPORTS WAGON,3,1,1
IMPREZA WRX,3,1,1
JUSTY,3,1,1
LEGACY,3,1,1
LEGACY B4,3,1,1
LEGACY GRAND WAGON,3,1,1
LEGACY LANCASTER,3,1,1
LEGACY OUTBACK,3,1,1
LEGACY TOURING WAGON,3,1,1
LEONE,3,1,1
LEVORG,3,1,1
LUCRA,3,1,1
LUCRA CUSTOM,3,1,1
PLEO,3,1,1
PLEO CUSTOM,3,1,1
PLEO NESTA,3,1,1
PLEO PLUS,3,1,1
R1,3,1,1
R2,3,1,1
REX,3,1,1
SAMBAR DIAS,3,1,1
SAMBAR TRY,3,1,1
STELLA,3,1,1
TRAVIQ,3,1,1
TREZIA,3,1,1
VIVIO,3,1,1
VIVIO BISTRO,3,1,1
WRX S4,3,1,1
WRX STI,3,1,1
XV,3,1,1
XV HYBRID,3,1,1
100,4,1,1
300,4,1,1
500,4,1,1
800,4,1,1
CARGO WAGON,4,1,1
PRESSO,4,1,1
ROADSTER,4,1,1
3 FASTBACK,5,1,1
3 SEDAN,5,1,1
ATENZA SEDAN,5,1,1
ATENZA SPORT,5,1,1
ATENZA SPORT WAGON,5,1,1
ATENZA WAGON,5,1,1
AUTOZAM AZ1,5,1,1
AUTOZAM AZ3,5,1,1
AUTOZAM CAROL,5,1,1
AUTOZAM CLEF,5,1,1
AUTOZAM REVUE,5,1,1
AXELA,5,1,1
AXELA HYBRID,5,1,1
AXELA SPORT,5,1,1
AZOFFROAD,5,1,1
AZWAGON,5,1,1
AZWAGON CUSTOM STYLE,5,1,1
BIANTE,5,1,1
BONGO BRAWNY WAGON,5,1,1
BONGO FRIENDEE,5,1,1
BONGO WAGON,5,1,1
CAPELLA,5,1,1
CAPELLA C2,5,1,1
CAPELLA CARGO,5,1,1
CAPELLA CG,5,1,1
CAPELLA WAGON,5,1,1
CAROL,5,1,1
CAROL ECO,5,1,1
CRONOS,5,1,1
CX3,5,1,1
CX5,5,1,1
CX7,5,1,1
CX8,5,1,1
DEMIO,5,1,1
EFINI MPV,5,1,1
EFINI MS6,5,1,1
EFINI MS8,5,1,1
EFINI MS9,5,1,1
EFINI RX7,5,1,1
FAMILIA,5,1,1
FAMILIA ASTINA,5,1,1
FAMILIA BUSINESS WAGON,5,1,1
FAMILIA NEO,5,1,1
FAMILIA SWAGON,5,1,1
FAMILIA WAGON,5,1,1
FLAIR,5,1,1
FLAIR CROSSOVER,5,1,1
FLAIR CUSTOM STYLE,5,1,1
FLAIR WAGON,5,1,1
FLAIR WAGON CUSTOM STYEL,5,1,1
FLAIR WAGON TOUGH STYEL,5,1,1
LANTIS,5,1,1
LAPUTA,5,1,1
LUCE,5,1,1
MILLENIA,5,1,1
MPV,5,1,1
MX6,5,1,1
PERSONA,5,1,1
PREMACY,5,1,1
PROCEED,5,1,1
PROCEED LEVANTE,5,1,1
PROCEED MARVIE,5,1,1
REVUE,5,1,1
ROADSTER,5,1,1
ROADSTER COUPE,5,1,1
ROADSTER RF,5,1,1
RX7,5,1,1
RX8,5,1,1
SAVANNA RX7,5,1,1
SCRUM WAGON,5,1,1
SENTIA,5,1,1
SPEED ATENZA,5,1,1
SPEED AXELA,5,1,1
SPIANO,5,1,1
TRIBUTE,5,1,1
VERISA,5,1,1
AERIO,6,1,1
AERIO SEDAN,6,1,1
ALTO,6,1,1
ALTO C,6,1,1
ALTO C2,6,1,1
ALTO ECO,6,1,1
ALTO HUSTLE,6,1,1
ALTO LAPIN,6,1,1
ALTO LAPIN CHOCOLAT,6,1,1
ALTO TURBO RS,6,1,1
ALTO WORKS,6,1,1
BALENO,6,1,1
CAPPUCCINO,6,1,1
CARA,6,1,1
CERVO,6,1,1
CERVO CLASSIC,6,1,1
CERVO MODE,6,1,1
CULTUS,6,1,1
CULTUS CRESCENT,6,1,1
CULTUS CRESCENT WAGON,6,1,1
CULTUS ESTEEM,6,1,1
CULTUS WAGON,6,1,1
ESCUDO,6,1,1
EVERY,6,1,1
EVERY LANDY,6,1,1
EVERY PLUS,6,1,1
EVERY WAGON,6,1,1
GRAND ESCUDO,6,1,1
HUSTLER,6,1,1
IGNIS,6,1,1
JIMNY,6,1,1
JIMNY L,6,1,1
JIMNY SIERRA,6,1,1
JIMNY WIDE,6,1,1
KEI,6,1,1
KEI SPORT,6,1,1
KEI WORKS,6,1,1
KIZASHI,6,1,1
LANDY,6,1,1
MR WAGON,6,1,1
MR WAGON WIT,6,1,1
PALETTE,6,1,1
PALETTE SW,6,1,1
SOLIO,6,1,1
SOLIO BANDIT,6,1,1
SPACIA,6,1,1
SPACIA CUSTOM,6,1,1
SPACIA CUSTOM Z,6,1,1
SPACIA GEAR,6,1,1
SPLASH,6,1,1
SWIFT,6,1,1
SWIFT SPORT,6,1,1
SX4,6,1,1
SX4 S CROSS,6,1,1
SX4 SEDAN,6,1,1
TWIN,6,1,1
WAGON R,6,1,1
WAGON R PLUS,6,1,1
WAGON R RR,6,1,1
WAGON R SOLIO,6,1,1
WAGON R STINGRAY,6,1,1
WAGON R WIDE,6,1,1
X90,6,1,1
XBEE,6,1,1
FESTIVA,7,1,1
FESTIVA MINIWAGON,7,1,1
FREDA,7,1,1
IXION,7,1,1
LASER,7,1,1
LASER COUPE,7,1,1
LASER LIDEA SEDAN,7,1,1
LASER LIDEA WAGON,7,1,1
LASER SEDAN,7,1,1
SPECTRON,7,1,1
TELSTAR II,7,1,1
TELSTAR SEDAN,7,1,1
TELSTAR TX5,7,1,1
TELSTAR WAGON,7,1,1
AIRTREK,8,1,1
ASPIRE,8,1,1
CARISMA,8,1,1
CHALLENGER,8,1,1
CHARIOT,8,1,1
CHARIOT GRANDIS,8,1,1
COLT,8,1,1
COLT PLUS,8,1,1
DEBONAIR,8,1,1
DEBONAIR V,8,1,1
DELICA D2,8,1,1
DELICA D3,8,1,1
DELICA D5,8,1,1
DELICA SPACE GEAR,8,1,1
DELICA STAR WAGON,8,1,1
DIAMANTE,8,1,1
DIAMANTE WAGON,8,1,1
DIGNITY,8,1,1
DINGO,8,1,1
DION,8,1,1
ECLIPSE,8,1,1
ECLIPSE CROSS,8,1,1
ECLIPSE SPIDER,8,1,1
EK ACTIVE,8,1,1
EK CLASSY,8,1,1
EK CUSTOM,8,1,1
EK SPACE,8,1,1
EK SPACE CUSTOM,8,1,1
EK SPORT,8,1,1
EK WAGON,8,1,1
EK X,8,1,1
EMERAUDE,8,1,1
ETERNA,8,1,1
ETERNA SAVA,8,1,1
ETERNA SIGMA,8,1,1
FTO,8,1,1
GALANT,8,1,1
GALANT FORTIS,8,1,1
GALANT FORTIS SPORT BACK,8,1,1
GALANT SIGMA,8,1,1
GALANT SPORTS,8,1,1
GRANDIS,8,1,1
GTO,8,1,1
IMIEV,8,1,1
JEEP,8,1,1
LANCER,8,1,1
LANCER CEDIA,8,1,1
LANCER CEDIA WAGON,8,1,1
LANCER WAGON,8,1,1
LEGNUM,8,1,1
LIBERO,8,1,1
MINICA,8,1,1
MINICA TOPPO,8,1,1
MINICAB BRAVO,8,1,1
MIRAGE,8,1,1
MIRAGE ASTI,8,1,1
MIRAGE WAGON,8,1,1
OUTLANDER,8,1,1
OUTLANDER PHEV,8,1,1
PAJERO,8,1,1
PAJERO IO,8,1,1
PAJERO JR,8,1,1
PAJERO MINI,8,1,1
PISTACHIO,8,1,1
PROUDIA,8,1,1
RVR,8,1,1
SIGMA,8,1,1
STARION,8,1,1
STRADA,8,1,1
TOPPO,8,1,1
TOPPO BJ,8,1,1
TOPPO BJ WIDE,8,1,1
TOWN BOX,8,1,1
TOWN BOX WIDE,8,1,1
TRITON,8,1,1
86,9,1,1
ALLEX,9,1,1
ALLION,9,1,1
ALPHARD,9,1,1
ALPHARD G,9,1,1
ALPHARD HYBRID,9,1,1
ALPHARD V,9,1,1
ALTEZZA,9,1,1
ALTEZZA GITA,9,1,1
AQUA,9,1,1
ARISTO,9,1,1
AURIS,9,1,1
AVALON,9,1,1
AVENSIS SEDAN,9,1,1
AVEVSIS WAGON,9,1,1
bB,9,1,1
BELTA,9,1,1
BLADE,9,1,1
BREVIS,9,1,1
CALDINA,9,1,1
CAMI,9,1,1
CAMRY,9,1,1
CAMRY GRACIA,9,1,1
CAMRY GRACIA SEDAN,9,1,1
CAMRY GRACIA STATIONWAGON,9,1,1
CARINA,9,1,1
CARINA ED,9,1,1
CARINA SURF,9,1,1
CAVALIER,9,1,1
CELICA,9,1,1
CELSIOR,9,1,1
CENTURY,9,1,1
CHASER,9,1,1
CHR,9,1,1
COROLLA,9,1,1
COROLLA AXIO,9,1,1
COROLLA CERES,9,1,1
COROLLA FIELDER,9,1,1
COROLLA FX,9,1,1
COROLLA II,9,1,1
COROLLA LEVIN,9,1,1
COROLLA RUMION,9,1,1
COROLLA RUNX,9,1,1
COROLLA SPACIO,9,1,1
COROLLA TOURING WAGON,9,1,1
COROLLA WAGON,9,1,1
COROLLASPORT,9,1,1
CORONA,9,1,1
CORONA EXIV,9,1,1
CORONA PREMIO,9,1,1
CORONA SF,9,1,1
CORSA,9,1,1
CRESTA,9,1,1
CROWN,9,1,1
CROWN ESTATE,9,1,1
CROWN HYBRID,9,1,1
CROWN MAJESTA,9,1,1
CROWN STATIONWAGON,9,1,1
CURREN,9,1,1
CYNOS,9,1,1
DUET,9,1,1
ESQUIRE,9,1,1
ESTIMA,9,1,1
ESTIMA EMINA,9,1,1
ESTIMA HYBRID,9,1,1
ESTIMA L,9,1,1
ESTIMA LUCIDA,9,1,1
ESTIMA T,9,1,1
FJ CRUISER,9,1,1
FUNCARGO,9,1,1
GAIA,9,1,1
GRAND HIACE,9,1,1
GRANVIA,9,1,1
HARRIER,9,1,1
HARRIER HYBRID,9,1,1
HIACE REGIUS,9,1,1
HIACE WAGON,9,1,1
HILUX,9,1,1
HILUX PICK UP,9,1,1
HILUX SPORTS PICK UP,9,1,1
HILUX SURF,9,1,1
IPSUM,9,1,1
IQ,9,1,1
IQ100G,9,1,1
IQ100X,9,1,1
IQ130G,9,1,1
ISIS,9,1,1
IST,9,1,1
KLUGER HYBRID,9,1,1
KLUGER L,9,1,1
KLUGER V,9,1,1
LAND CRUISER,9,1,1
LAND CRUISER 100,9,1,1
LAND CRUISER 60,9,1,1
LAND CRUISER 70,9,1,1
LAND CRUISER 80,9,1,1
LAND CRUISER PRADO,9,1,1
LITEACE NOAH,9,1,1
LITEACE WAGON,9,1,1
MARK II,9,1,1
MARK X,9,1,1
MARK X ZIO,9,1,1
MARKII BLIT,9,1,1
MARKII QUALIS,9,1,1
MARKII WAGON,9,1,1
MASTER ACE SURF,9,1,1
MEGA CRUISER,9,1,1
MIRAI,9,1,1
MR2,9,1,1
MRS,9,1,1
NADIA,9,1,1
NOAH,9,1,1
OPA,9,1,1
ORIGIN,9,1,1
PASSO,9,1,1
PASSO SETTE,9,1,1
PIXIS EPOCH,9,1,1
PIXIS JOY,9,1,1
PIXIS MEGA,9,1,1
PIXIS SPACE,9,1,1
PLATZ,9,1,1
PORTE,9,1,1
PREMIO,9,1,1
PRIUS,9,1,1
PRIUS ALPHA,9,1,1
PRIUS PHV,9,1,1
PROBOX WAGON,9,1,1
PROGRES,9,1,1
PRONARD,9,1,1
RACTIS,9,1,1
RAUM,9,1,1
RAV4,9,1,1
RAV4J,9,1,1
RAV4L,9,1,1
REGIUS,9,1,1
ROOMY,9,1,1
RUSH,9,1,1
SAI,9,1,1
SCEPTER COUPE,9,1,1
SCEPTER SEDAN,9,1,1
SCEPTER STATIONWAGON,9,1,1
SERA,9,1,1
SIENTA,9,1,1
SOARER,9,1,1
SPADE,9,1,1
SPARKY,9,1,1
SPRINTER,9,1,1
SPRINTER CARIB,9,1,1
SPRINTER CIELO,9,1,1
SPRINTER MARINO,9,1,1
SPRINTER TRUENO,9,1,1
SPRINTER WAGON,9,1,1
STARLET,9,1,1
SUCCEED WAGON,9,1,1
SUPRA,9,1,1
TANK,9,1,1
TERCEL,9,1,1
TOURING HIACE,9,1,1
TOWNACE NOAH,9,1,1
TOWNACE WAGON,9,1,1
VANGUARD,9,1,1
VELLFIRE,9,1,1
VELLFIRE HYBRID,9,1,1
VEROSSA,9,1,1
VISTA,9,1,1
VISTA ARDEO,9,1,1
VITZ,9,1,1
VOLTZ,9,1,1
VOXY,9,1,1
WILL CYPHA,9,1,1
WILL VI,9,1,1
WILL VS,9,1,1
WINDOM,9,1,1
WISH,9,1,1
ACCORD,10,1,1
ACCORD COUPE,10,1,1
ACCORD HYBRID,10,1,1
ACCORD INSPIRE,10,1,1
ACCORD PLUGIN HYBRID,10,1,1
ACCORD TOURER,10,1,1
ACCORD WAGON,10,1,1
AIRWAVE,10,1,1
ASCOT,10,1,1
ASCOT INNOVA,10,1,1
AVANCIER,10,1,1
BEAT,10,1,1
CAPA,10,1,1
CITY,10,1,1
CIVIC,10,1,1
CIVIC COUPE,10,1,1
CIVIC FERIO,10,1,1
CIVIC HYBRID,10,1,1
CIVIC SHUTTLE,10,1,1
CLARITY PHEV,10,1,1
CONCERTO,10,1,1
CROSS ROAD,10,1,1
CRV,10,1,1
CRV HYBRID,10,1,1
CRX,10,1,1
CRX DELSOL,10,1,1
CRZ,10,1,1
DOMANI,10,1,1
EDIX,10,1,1
ELEMENT,10,1,1
ELYSION,10,1,1
ELYSION PRESTIGE,10,1,1
FIT,10,1,1
FIT ARIA,10,1,1
FIT HYBRID,10,1,1
FIT SHUTTLE,10,1,1
FIT SHUTTLE HYBRID,10,1,1
FREED,10,1,1
FREED HYBRID,10,1,1
FREED PLUS,10,1,1
FREED PLUS HYBRID,10,1,1
FREED SPIKE,10,1,1
FREED SPIKE HYBRID,10,1,1
GRACE,10,1,1
HORIZON,10,1,1
HRV,10,1,1
INSIGHT,10,1,1
INSIGHT EXCLUSIVE,10,1,1
INSPIRE,10,1,1
INTEGRA,10,1,1
INTEGRA SJ,10,1,1
JADE,10,1,1
JAZZ,10,1,1
LAGREAT,10,1,1
LEGEND,10,1,1
LEGEND COUPE,10,1,1
LIFE,10,1,1
LIFE DUNK,10,1,1
LOGO,10,1,1
MDX,10,1,1
MOBILIO,10,1,1
MOBILIO SPIKE,10,1,1
NBOX,10,1,1
NBOX CUSTOM,10,1,1
NBOX PLUS,10,1,1
NBOX PLUS CUSTOM,10,1,1
NBOX SLASH,10,1,1
NONE,10,1,1
NSX,10,1,1
NWGN,10,1,1
NWGN CUSTOM,10,1,1
ODYSSEY,10,1,1
ODYSSEY HYBRID,10,1,1
ODYSSEY PRESTIGE,10,1,1
ORTHIA,10,1,1
ORTHIA P,10,1,1
ORTHIA V,10,1,1
PRELUDE,10,1,1
PRELUDE INX,10,1,1
RAFAGA,10,1,1
S2000,10,1,1
S660,10,1,1
SABER,10,1,1
SHUTTLE,10,1,1
SMX,10,1,1
STEPWAGON,10,1,1
STEPWAGON SPADA,10,1,1
STREAM,10,1,1
STREET,10,1,1
THATS,10,1,1
TODAY,10,1,1
TODAY ASSOCIE,10,1,1
TORNEO,10,1,1
VAMOS,10,1,1
VAMOS HOBIO,10,1,1
VEZEL,10,1,1
VIGOR,10,1,1
ZEST,10,1,1
ZEST SPARK,10,1,1
GALUE,11,1,1
GALUE CLASSIC,11,1,1
GALUE CONVERTIBLE,11,1,1
GALUE I,11,1,1
GALUE II,11,1,1
GALUE III,11,1,1
GALUE LIMOUSINE S50,11,1,1
GALUE204,11,1,1
HIMIKO,11,1,1
LE SEYDE,11,1,1
LIKE,11,1,1
MC1,11,1,1
NOUERA,11,1,1
NOUERA 602 SEDAN,11,1,1
NOUERA 602 WAGON,11,1,1
OROCHI,11,1,1
RAY,11,1,1
ROCK STAR,11,1,1
RYOGA,11,1,1
RYUGI,11,1,1
RYUGI WAGON,11,1,1
VIEWT,11,1,1
YUGA,11,1,1
ZERO1,11,1,1
ASKA,12,1,1
BIGHORN,12,1,1
COMO WAGON,12,1,1
FARGO FILLY,12,1,1
FARGO WAGON,12,1,1
FILLY,12,1,1
GEMINI,12,1,1
MU,12,1,1
MU WIZARD,12,1,1
PIAZZA,12,1,1
PIAZZA NERO,12,1,1
VEHICROSS,12,1,1
WIZARD,12,1,1
WIZARD ALIVE,12,1,1
180SX,13,1,1
AD MAX WAGON,13,1,1
AD WAGON,13,1,1
AVENIR,13,1,1
AVENIR SALUT,13,1,1
BASSARA,13,1,1
BLUEBIRD,13,1,1
BLUEBIRD AUSSIE,13,1,1
BLUEBIRD SYLPHY,13,1,1
BLUEBIRD WAGON,13,1,1
CARAVAN COACH,13,1,1
CARAVAN ELGRAND,13,1,1
CEDRIC,13,1,1
CEDRIC CIMA,13,1,1
CEDRIC WAGON,13,1,1
CEFIRO,13,1,1
CEFIRO WAGON,13,1,1
CIMA,13,1,1
CLIPPER RIO,13,1,1
CREW,13,1,1
CUBE,13,1,1
CUBE CUBIC,13,1,1
DATSUN PICK UP,13,1,1
DAYZ,13,1,1
DAYZ ROOX,13,1,1
DUALIS,13,1,1
ELGRAND,13,1,1
ENV200WAGON,13,1,1
EXA,13,1,1
FAIRLADY Z,13,1,1
FIGARO,13,1,1
FUGA,13,1,1
FUGA HYBRID,13,1,1
GLORIA,13,1,1
GLORIA CIMA,13,1,1
GLORIA WAGON,13,1,1
GTR,13,1,1
HOMY COACH,13,1,1
HOMY ELGRAND,13,1,1
INFINITI Q45,13,1,1
JUKE,13,1,1
KIX,13,1,1
LAFESTA,13,1,1
LARGO,13,1,1
LATIO,13,1,1
LAUREL,13,1,1
LEAF,13,1,1
LEOPARD,13,1,1
LEOPARD JFERRIE,13,1,1
LIBERTY,13,1,1
LUCINO,13,1,1
LUCINO HATCH,13,1,1
LUCINO SRV,13,1,1
MARCH,13,1,1
MARCH BOX,13,1,1
MAXIMA,13,1,1
MICRA CC,13,1,1
MISTRAL,13,1,1
MOCO,13,1,1
MURANO,13,1,1
NOTE,13,1,1
NV100CLIPPER RIO,13,1,1
NV200VANETTE WAGON,13,1,1
NV350CARAVAN WAGON,13,1,1
OTTI,13,1,1
PAO,13,1,1
PINO,13,1,1
PRAIRIE,13,1,1
PRAIRIE JOY,13,1,1
PRESAGE,13,1,1
PRESEA,13,1,1
PRESIDENT,13,1,1
PRESIDENT JS,13,1,1
PRIMERA,13,1,1
PRIMERA CAMINO,13,1,1
PRIMERA CAMINO WAGON,13,1,1
PRIMERA UK,13,1,1
PRIMERA WAGON,13,1,1
PULSAR,13,1,1
PULSAR SERIE,13,1,1
PULSAR SERIE SRV,13,1,1
QUEST,13,1,1
RASHEEN,13,1,1
RNESSA,13,1,1
ROOX,13,1,1
SAFARI,13,1,1
SERENA,13,1,1
SILVIA,13,1,1
SKYLINE,13,1,1
SKYLINE CROSSOVER,13,1,1
STAGEA,13,1,1
SUNNY,13,1,1
SUNNY CALIFORNIA,13,1,1
SUNNY NXCOUPE,13,1,1
SYLPHY,13,1,1
TEANA,13,1,1
TERRANO,13,1,1
TERRANO REGULUS,13,1,1
TIIDA,13,1,1
TIIDA LATIO,13,1,1
TINO,13,1,1
VANETTE LARGO COACH,13,1,1
VANETTE SERENA,13,1,1
VW SANTANA,13,1,1
WINGROAD,13,1,1
XTRAIL,13,1,1
PARK AVENUE,14,1,1
REGAL,14,1,1
ALLANTE,15,1,1
ATS,15,1,1
ATS COUPE,15,1,1
ATSV,15,1,1
CONCOURS,15,1,1
CT6,15,1,1
CTS,15,1,1
CTS COUPE,15,1,1
CTS SPORT WAGON,15,1,1
CTSV,15,1,1
DEVILE,15,1,1
DTS,15,1,1
ELDORADO,15,1,1
ESCALADE,15,1,1
FLEETWOOD,15,1,1
LIMOUSINE,15,1,1
SEVILE,15,1,1
SRX,15,1,1
SRX CROSSOVER,15,1,1
STS,15,1,1
XLR,15,1,1
XT5 CROSSOVER,15,1,1
XTS,15,1,1
ASTRO,16,1,1
AVALANCHE,16,1,1
BLAZER,16,1,1
BLAZER SILVERRADO,16,1,1
CAMARO,16,1,1
CAPTIVA,16,1,1
CHEVY,16,1,1
CORVETTE,16,1,1
CRUSE,16,1,1
HHR,16,1,1
MW,16,1,1
OPTRA,16,1,1
S10 BLAZER,16,1,1
SILVERADO,16,1,1
SONIC,16,1,1
TAHOE,16,1,1
TAHOE SPORTS,16,1,1
TRAILBLAZER,16,1,1
TRAVERSE,16,1,1
300,17,1,1
300C,17,1,1
300C TOURING,17,1,1
300M,17,1,1
ACCLAIM,17,1,1
CROSSFIRE,17,1,1
GRAND VOYAGER,17,1,1
IMPERIAL,17,1,1
NEON,17,1,1
PT CRUISER,17,1,1
PT CRUISER CABRIO,17,1,1
STRATUS,17,1,1
VIPER,17,1,1
VOYAGER,17,1,1
YPSILON,17,1,1
JEEP CHEROKEE,18,1,1
JEEP COMMANDER,18,1,1
JEEP COMPASS,18,1,1
JEEP WRANGLER,18,1,1
JEEP WRANGLER UNLIMITED,18,1,1
JEEP GRAND CHEROKEE,18,1,1
JEEP PATRIOT,18,1,1
JEEP RENEGADE,18,1,1
AVENGER,19,1,1
CALIBER,19,1,1
CHARGER,19,1,1
JC,19,1,1
NITRO,19,1,1
ECOSPORT,20,1,1
ESCAPE,20,1,1
EXPEDITION,20,1,1
EXPLORER,20,1,1
EXPLORER SPORT TRAC,20,1,1
F150,20,1,1
KUGA,20,1,1
MUSTANG,20,1,1
PROBE,20,1,1
TAURUS,20,1,1
THUNDERBIRD,20,1,1
H2,21,1,1
H3,21,1,1
CONTINENTAL,22,1,1
LS,22,1,1
MARK VIII,22,1,1
MKX,22,1,1
NAVIGATOR,22,1,1
TOWNCAR,22,1,1
COUGAR,23,1,1
GRAND MARQUIS,23,1,1
BONNEVILLE,24,1,1
FIREBIRD,24,1,1
GRAND AM,24,1,1
GRAND PRIX,24,1,1
SC2 COUPE,25,1,1
SL2 SEDAN,25,1,1
SW2 WAGON,25,1,1
BROUGHAM,26,1,1
BROUGHAM LIMITED,26,1,1
BROUGHAM LIMITED MIDNIGHT VERSION,26,1,1
BROUGHAM MIDNIGHT VERSION,26,1,1
BROUGHAM TOURING,26,1,1
COACH,26,1,1
GVAN,26,1,1
SPORTS,26,1,1
TOURING,26,1,1
TOURING MIDNIGHT VERSION,26,1,1
ROYAL STAR,27,1,1
190 SERIES,28,1,1
CCLASS,28,1,1
CLK,28,1,1
ECLASS,28,1,1
GCCLASS,28,1,1
MCLASS,28,1,1
MEDIUM CLASS,28,1,1
SCLASS,28,1,1
SL,28,1,1
SL500,28,1,1
SL600,28,1,1
SLK,28,1,1
100 AVANT,29,1,1
80 AVANT,29,1,1
A1,29,1,1
A1 SPORTBACK,29,1,1
A3,29,1,1
A3 SEDAN,29,1,1
A3 SPORTBACK ETRON,29,1,1
A4,29,1,1
A4 ALLROAD QUATTRO,29,1,1
A4 AVANT,29,1,1
A4 CABRIOLET,29,1,1
A5,29,1,1
A5 CABRIOLET,29,1,1
A5 SPORTBACK,29,1,1
A6,29,1,1
A6 ALLROAD QUATTRO,29,1,1
A6 AVANT,29,1,1
A6 HYBRID,29,1,1
A7 SPORTBACK,29,1,1
A8,29,1,1
A8 HYBRID,29,1,1
ALLROAD QUATTRO,29,1,1
CABRIOLET,29,1,1
COUPE,29,1,1
Q2,29,1,1
Q3,29,1,1
Q5,29,1,1
Q5 HYBRID,29,1,1
Q7,29,1,1
R8,29,1,1
R8 SPYDER,29,1,1
RS Q3,29,1,1
RS Q3 PERFORMANCE,29,1,1
RS3,29,1,1
RS3 SPORTBACK,29,1,1
RS4,29,1,1
RS4 AVANT,29,1,1
RS5,29,1,1
RS5 CABRIOLET,29,1,1
RS6,29,1,1
RS6 AVANT,29,1,1
RS6 AVANT PERFORMANCE,29,1,1
RS7 SPORTBACK,29,1,1
RS7 SPORTBACK PERFORMANCE,29,1,1
S,29,1,1
S1,29,1,1
S1 SPORTBACK,29,1,1
S3,29,1,1
S3 SEDAN,29,1,1
S4,29,1,1
S4 AVANT,29,1,1
S5,29,1,1
S5 CABRIOLET,29,1,1
S5 SPORTBACK,29,1,1
S6,29,1,1
S6AVANT,29,1,1
S7 SPORTBACK,29,1,1
S8,29,1,1
S8 PLUS,29,1,1
SQ5,29,1,1
T,29,1,1
TT COUPE,29,1,1
TT ROADSTER,29,1,1
TT RS COUPE,29,1,1
TT RS PLUS COUPE,29,1,1
TT RS ROADSTER,29,1,1
TTS COUPE,29,1,1
V,29,1,1
V8,29,1,1
1 SERIES,30,1,1
2 SERIES,30,1,1
3 SERIES,30,1,1
4 SERIES,30,1,1
5 SERIES,30,1,1
6 SERIES,30,1,1
7 SERIES,30,1,1
8 SERIES,30,1,1
i,30,1,1
i3,30,1,1
i8,30,1,1
M,30,1,1
M COUPE,30,1,1
M ROADSTER,30,1,1
M2,30,1,1
M3,30,1,1
M4,30,1,1
M5,30,1,1
M6,30,1,1
X,30,1,1
X1,30,1,1
X2,30,1,1
X3,30,1,1
X4,30,1,1
X5,30,1,1
X5 M,30,1,1
X6,30,1,1
X6 M,30,1,1
X7,30,1,1
Z,30,1,1
Z3 COUPE,30,1,1
Z3 ROADSTER,30,1,1
Z4,30,1,1
Z8,30,1,1
B10,31,1,1
B12,31,1,1
B3,31,1,1
B4,31,1,1
B5,31,1,1
B6,31,1,1
B7,31,1,1
B8,31,1,1
D3,31,1,1
D4,31,1,1
D5,31,1,1
ROADSTER S,31,1,1
ROADSTER V8,31,1,1
XD3,31,1,1
D8 SPORTS,32,1,1
FIESTA,33,1,1
FOCUS,33,1,1
FOCUS CMAX,33,1,1
GALAXY,33,1,1
KA,33,1,1
MONDEO,33,1,1
MAYBACH,34,1,1
SMART CABRIO,35,1,1
SMART COUPE,35,1,1
SMART CROSSBLADE,35,1,1
SMART FOR FOUR,35,1,1
SMART FORTWO CABRIO,35,1,1
SMART FORTWO COUPE,35,1,1
SMART FORTWO ELECTRIC DRIVE,35,1,1
SMART FORTWO K,35,1,1
SMART K,35,1,1
SMART ROADSTER,35,1,1
190 CLASS,36,1,1
ACLASS,36,1,1
BCLASS,36,1,1
C CLASS SPORTS COUPE,36,1,1
CCLASS,36,1,1
CCLASS STATIONWAGON,36,1,1
CL500,36,1,1
CL550,36,1,1
CL600,36,1,1
CLACLASS,36,1,1
CLACLASS SHOOTING BRAKE,36,1,1
CLK,36,1,1
CLSCLASS,36,1,1
CLSCLASS SHOOTING BRAKE,36,1,1
ECLASS,36,1,1
ECLASS ALL TEEEAIN,36,1,1
ECLASS STATIONWAGON,36,1,1
GCLASS,36,1,1
GELANDEWAGEN,36,1,1
GLACLASS,36,1,1
GLCCLASS,36,1,1
GLCLASS,36,1,1
GLE,36,1,1
GLKCLASS,36,1,1
GLS,36,1,1
MCLASS,36,1,1
MEDIUM CLASS,36,1,1
RCLASS,36,1,1
SCLASS,36,1,1
SL320,36,1,1
SL350,36,1,1
SL400,36,1,1
SL500,36,1,1
SL550,36,1,1
SL600,36,1,1
SLC,36,1,1
SLK,36,1,1
SLR MCLAREN,36,1,1
SLS AMG,36,1,1
TRANSPORTER T1N,36,1,1
V STRAHL,36,1,1
VANEO,36,1,1
VCLASS,36,1,1
VIANO,36,1,1
13TH ANNIVERSARY PACKAGE,37,1,1
3RD ANNIVERSARY MODEL,37,1,1
50 CAMDEN,37,1,1
50 MAYFAIR,37,1,1
CLUBMAN BLUE NOTE TOKYO EDITION,37,1,1
CLUBMAN BUCKINGHAM,37,1,1
CLUBMAN MOLTON EDITION,37,1,1
COOPER,37,1,1
COOPER 60 YEARS EDITION,37,1,1
COOPER BAKER STREET,37,1,1
COOPER BAYSWATER,37,1,1
COOPER BLACK EYE PACKAGE,37,1,1
COOPER BURGUNDY EDITION,37,1,1
COOPER CHECKMATE,37,1,1
COOPER CLUBMAN,37,1,1
COOPER CLUBMAN HAMPTON,37,1,1
COOPER CONVERTIBLE,37,1,1
COOPER CONVERTIBLE HIGHGATE,37,1,1
COOPER CONVERTIBLE SIDEWALK,37,1,1
COOPER COUPE,37,1,1
COOPER CROSSOVER,37,1,1
COOPER CROSSOVER ALL 4,37,1,1
COOPER CROSSOVER VALENTINE ROAD,37,1,1
COOPER CRYSTAL,37,1,1
COOPER D,37,1,1
COOPER D 60 YEARS EDITION,37,1,1
COOPER D CLUBMAN,37,1,1
COOPER D CROSSOVER,37,1,1
COOPER D CROSSOVER ALL4,37,1,1
COOPER D CROSSOVER ALL4 PARK LANE,37,1,1
COOPER D CROSSOVER PARK LANE,37,1,1
COOPER D ICE BLUE,37,1,1
COOPER D PACEMAN,37,1,1
COOPER D SEVEN,37,1,1
COOPER D SOUTHWARK,37,1,1
COOPER ICE BLUE,37,1,1
COOPER PACEMAN,37,1,1
COOPER PACEMAN ALL 4,37,1,1
COOPER PARK LANE,37,1,1
COOPER ROADSTER,37,1,1
COOPER S,37,1,1
COOPER S 60 YEARS EDITION,37,1,1
COOPER S BAYSWATER,37,1,1
COOPER S CHECKMATE,37,1,1
COOPER S CLUBMAN,37,1,1
COOPER S CLUBMAN ALL4,37,1,1
COOPER S CLUBMAN HAMPTON,37,1,1
COOPER S CONVERTIBLE,37,1,1
COOPER S CONVERTIBLE HIGHGATE,37,1,1
COOPER S CONVERTIBLE SIDEWALK,37,1,1
COOPER S COUPE,37,1,1
COOPER S CROSSOVER,37,1,1
COOPER S CROSSOVER ALL4,37,1,1
COOPER S CROSSOVER ALL4 MARINE,37,1,1
COOPER S CROSSOVER ALL4 PARK LANE,37,1,1
COOPER S CROSSOVER ALL4 SUNLIGHT,37,1,1
COOPER S CROSSOVER BLACKHEATH,37,1,1
COOPER S CROSSOVER VALENTINE ROAD,37,1,1
COOPER S CRYSTAL,37,1,1
COOPER S E CROSSOVER ALL4,37,1,1
COOPER S PACEMAN,37,1,1
COOPER S PACEMAN ALL4,37,1,1
COOPER S PARK LANE,37,1,1
COOPER S ROADSTER,37,1,1
COOPER S SEVEN,37,1,1
COOPER S WITH JOHN COOPER WORKS GP KIT,37,1,1
COOPER SD,37,1,1
COOPER SD 60 YEARS EDITION,37,1,1
COOPER SD CLUBMAN,37,1,1
COOPER SD CROSSOVER,37,1,1
COOPER SD CROSSOVER ALL4,37,1,1
COOPER SD CROSSOVER BLACK KNIGHT,37,1,1
COOPER SD CROSSOVER MARINE,37,1,1
COOPER SD CROSSOVER PARK LANE,37,1,1
COOPER SD CROSSOVER SUNLIGHT,37,1,1
COOPER SD SEVEN,37,1,1
COOPER SEVEN,37,1,1
COOPER SOUTHWARK,37,1,1
CROSSOVER BUCKINGHAM,37,1,1
CROSSOVER NORFOLK EDITION,37,1,1
DESIGNERS CHOICE,37,1,1
ICE BLUE BLACK EDITION,37,1,1
ICE BLUE EDITION,37,1,1
INSPIRED BY GOODWOOD,37,1,1
JERMYN COOPER S,37,1,1
JOHN COOPER WORKS,37,1,1
JOHN COOPER WORKS CLUBMAN,37,1,1
JOHN COOPER WORKS CONVERTIBLE,37,1,1
JOHN COOPER WORKS COUPE,37,1,1
JOHN COOPER WORKS CROSSOVER,37,1,1
JOHN COOPER WORKS GP,37,1,1
JOHN COOPER WORKS PACEMAN,37,1,1
JOHN COOPER WORKS PACEMAN BLACK KNIGHT,37,1,1
JOHN COOPER WORKS ROADSTER,37,1,1
JOHN COOPER WORKS WORLD CHAMPIONSHIP 50,37,1,1
KISSED BY LULU GUINNESS TYPE 1,37,1,1
KISSED BY LULU GUINNESS TYPE 2,37,1,1
KISSED BY LULU GUINNESS TYPE 3,37,1,1
KISSED BY LULU GUINNESS TYPE 4,37,1,1
KISSED BY LULU GUINNESS TYPE 5,37,1,1
KISSED BY LULU GUINNESS TYPE 6,37,1,1
KISSED BY LULU GUINNESS TYPE 7,37,1,1
MINI 1ST ANNIVERSARY MODEL,37,1,1
MINI 2ND ANNIVERSARY MODEL,37,1,1
MINI MEETS SAKURA EDITION NIPPON COOPER,37,1,1
MINI MEETS SAKURA EDITION NIPPON COOPER CLUBMAN,37,1,1
MINI MEETS SAKURA EDITION NIPPON ONE,37,1,1
ONE,37,1,1
ONE CLUBMAN,37,1,1
ONE CROSSOVER,37,1,1
ONE EARL GREY SPECIAL BLEND,37,1,1
ONE SEVEN,37,1,1
ONE VICTORIA,37,1,1
SAVILE ROW,37,1,1
SPEED GATE,37,1,1
VICTORIA,37,1,1
ASTRA,38,1,1
CALIBRA,38,1,1
MERVIA,38,1,1
OMEGA,38,1,1
SENATOR,38,1,1
SIGNUM,38,1,1
SPEED STER,38,1,1
TIGRA,38,1,1
VECTRA,38,1,1
VITA,38,1,1
ZAFIRA,38,1,1
718 BOXTER,39,1,1
718 CAYMAN,39,1,1
911,39,1,1
928,39,1,1
944,39,1,1
BOXSTER,39,1,1
CAYENNE,39,1,1
CAYMAN,39,1,1
MACAN,39,1,1
PANAMERA,39,1,1
900 SERIES,40,1,1
93 SERIES,40,1,1
9000 SERIES,40,1,1
95 SERIES,40,1,1
ARTEON,41,1,1
BORA,41,1,1
CC,41,1,1
CORRADO,41,1,1
CROSS GOLF,41,1,1
EGOLF,41,1,1
EOS,41,1,1
EUP,41,1,1
GOLF,41,1,1
GOLF ALLTRACK,41,1,1
GOLF CABRIO,41,1,1
GOLF CABRIOLET,41,1,1
GOLF GTE,41,1,1
GOLF GTI,41,1,1
GOLF PLUS,41,1,1
GOLF R,41,1,1
GOLF R VARIANT,41,1,1
GOLF TOURAN,41,1,1
GOLF VARIANT,41,1,1
GOLF WAGON,41,1,1
JETTA,41,1,1
LUPO,41,1,1
NEW BEETLE,41,1,1
NEW BEETLE CABRIOLET,41,1,1
PASSAT,41,1,1
PASSAT ALLTRACK,41,1,1
PASSAT CC,41,1,1
PASSAT GTE,41,1,1
PASSAT GTE VARIANT,41,1,1
PASSAT VARIANT,41,1,1
PASSAT WAGON,41,1,1
POLO,41,1,1
POLO GTI,41,1,1
SCIROCCO,41,1,1
SHARAN,41,1,1
THE BEETLE,41,1,1
THE BEETLE CABRIOLET,41,1,1
TIGUAN,41,1,1
TOUAREG,41,1,1
UP,41,1,1
VANAGON,41,1,1
VENTO,41,1,1
240,42,1,1
240 WAGON,42,1,1
360,42,1,1
480,42,1,1
740,42,1,1
740 ESTATE,42,1,1
760,42,1,1
780,42,1,1
850,42,1,1
850 ESTATE,42,1,1
940,42,1,1
940 ESTATE,42,1,1
960,42,1,1
960 ESTATE,42,1,1
C30,42,1,1
C70,42,1,1
CROSS COUNTRY,42,1,1
S40,42,1,1
S60,42,1,1
S70,42,1,1
S80,42,1,1
S90,42,1,1
V40,42,1,1
V50,42,1,1
V60,42,1,1
V70,42,1,1
V90,42,1,1
XC40,42,1,1
XC60,42,1,1
XC70,42,1,1
XC90,42,1,1
CLUB SPORT,43,1,1
CUP R,43,1,1
ROADSTER,43,1,1
ROADSTER 1.8 TURBO,43,1,1
ROADSTER 3.2,43,1,1
ROASTER3.2 TURBO,43,1,1
AX,44,1,1
BX,44,1,1
C2,44,1,1
C3,44,1,1
C3 PLURIEL,44,1,1
C4,44,1,1
C4 CACTUS,44,1,1
C4 PICASSO,44,1,1
C5,44,1,1
C5 AIRCROSS,44,1,1
C6,44,1,1
CHANSON,44,1,1
DS3 CROSSBACK,44,1,1
DS3 CABRIO,44,1,1
DS4,44,1,1
DS5,44,1,1
DS7 CROSSBACK,44,1,1
GRAND C4 PICASSO,44,1,1
GRAND C4 SPACETOURER,44,1,1
SAXO,44,1,1
XANTIA,44,1,1
XM,44,1,1
XSARA,44,1,1
XSARA PICASSO,44,1,1
ZX,44,1,1
106,45,1,1
1007,45,1,1
205,45,1,1
206,45,1,1
207,45,1,1
208,45,1,1
2008,45,1,1
306,45,1,1
307,45,1,1
308,45,1,1
309,45,1,1
3008,45,1,1
405,45,1,1
406,45,1,1
407,45,1,1
508,45,1,1
5008,45,1,1
605,45,1,1
607,45,1,1
RCZ,45,1,1
19,46,1,1
21,46,1,1
5,46,1,1
ALPINE,46,1,1
ALPINE A110,46,1,1
AVANTIME,46,1,1
CAPTURE,46,1,1
EXPRESS,46,1,1
GRAND SCENIC,46,1,1
KADJAR,46,1,1
KANGOO,46,1,1
KANGOO BEBOP,46,1,1
KOLEOS,46,1,1
LAGUNA,46,1,1
LUTEICA,46,1,1
MEGANE,46,1,1
MEGANE ESTATE,46,1,1
SAFRANE,46,1,1
SCENIC,46,1,1
TWINGO,46,1,1
WIND,46,1,1
ATLANTIC,47,1,1
124 SPIDER,48,1,1
500,48,1,1
500C,48,1,1
595,48,1,1
595C,48,1,1
695 BIPOSTO,48,1,1
695 RIVALE,48,1,1
695C RIVALE,48,1,1
695 EDIAIONE MASERATI,48,1,1
695 TRIBUTO FERRARI,48,1,1
GRANDE PUNTO,48,1,1
PUNTO,48,1,1
PUNTO EVO,48,1,1
4C,49,1,1
4C SPIDER,49,1,1
ALFA 145,49,1,1
ALFA 147,49,1,1
ALFA 155,49,1,1
ALFA 156,49,1,1
ALFA 156 SPORTWAGON,49,1,1
ALFA 159,49,1,1
ALFA 159 SPORTWAGON,49,1,1
ALFA 164,49,1,1
ALFA 166,49,1,1
ALFA 75,49,1,1
ALFA BRERA,49,1,1
ALFA GT,49,1,1
ALFA GTV,49,1,1
ALFA SPIDER,49,1,1
ALFA SPORTWAGON,49,1,1
GIULIETTA,49,1,1
JULIA,49,1,1
MITO,49,1,1
STELVIO,49,1,1
Y10,50,1,1
360,51,1,1
456,51,1,1
550,51,1,1
575,51,1,1
599,51,1,1
612,51,1,1
355F1,51,1,1
430 SCUDERIA,51,1,1
458 ITALIA,51,1,1
458 SPECIALE,51,1,1
458 SPIDER,51,1,1
488 GTB,51,1,1
488 SPIDER,51,1,1
CALIFORNIA,51,1,1
CALIFORNIA 30,51,1,1
CALIFORNIA T,51,1,1
F12 BERLINETTA,51,1,1
F355,51,1,1
F430,51,1,1
F430 SPIDER,51,1,1
FF,51,1,1
GTC4 LUSSO,51,1,1
SUPERAMERICA,51,1,1
500,52,1,1
500C,52,1,1
500S,52,1,1
500X,52,1,1
BARCHETTA,52,1,1
BRAVISSIMO,52,1,1
COUPE FIAT,52,1,1
GRANDE PUNTO,52,1,1
MULTIPLA,52,1,1
NEW BARCHETTA,52,1,1
NEW MULTIPLA,52,1,1
NEW PANDA,52,1,1
PANDA,52,1,1
PUNTO,52,1,1
PUNTO EVO,52,1,1
TEMPRA,52,1,1
TIPO,52,1,1
UNO,52,1,1
AVENTADOR,53,1,1
DIABLO,53,1,1
GALLARDO,53,1,1
GALLARDO SPYDER,53,1,1
HURACAN,53,1,1
MURCIELAGO,53,1,1
MURCIELAGO ROADSTER,53,1,1
URUS,53,1,1
DEDRA,54,1,1
DELTA,54,1,1
PRISMA,54,1,1
THEMA,54,1,1
3200GT,55,1,1
COUPE,55,1,1
GHIBLI,55,1,1
GRAN SPORT,55,1,1
GRAN TURISMO,55,1,1
GRANCABRIO,55,1,1
LEVANTE,55,1,1
QUATTROPORTE,55,1,1
SPYDER,55,1,1
DB7,56,1,1
V12 VANQUISH,56,1,1
V8,56,1,1
ARNAGE,57,1,1
AZURE,57,1,1
BENTAYGA,57,1,1
BROOKLANDS,57,1,1
CONTINENTAL,57,1,1
FLYING SPUR,57,1,1
MULSANNE,57,1,1
TURBO,57,1,1
4,58,1,1
BASE GRADE,58,1,1
CENTENARY,58,1,1
DOUBLE SIX,58,1,1
MAJESTIC,58,1,1
MAJESTIC V12,58,1,1
SUPER 8,58,1,1
EPACE,59,1,1
FPACE,59,1,1
F TYPE,59,1,1
SOVEREIGN,59,1,1
STYPE,59,1,1
XE,59,1,1
XE300,59,1,1
XF,59,1,1
XF SPORTBRAKE,59,1,1
XF300,59,1,1
XJ,59,1,1
XJS,59,1,1
XK,59,1,1
X TYPE,59,1,1
X ESTATE,59,1,1
DEFENDER,60,1,1
DISCOVERY,60,1,1
DISCOVERY 3,60,1,1
DISCOVERY 4,60,1,1
DISCOVERY SPORT,60,1,1
FREELANDER,60,1,1
FREELANDER 2,60,1,1
RANGE ROVER,60,1,1
RANGE ROVER EVOQUE,60,1,1
RANGE ROVER EVOQUE CONVERTIBLE,60,1,1
RANGE ROVER EVOQUE COUPE,60,1,1
RANGE ROVER SPORT,60,1,1
RANGE ROVER VELAR,60,1,1
RANGE ROVER VOUGE,60,1,1
3 ELEVEN,61,1,1
340R,61,1,1
ELISE,61,1,1
ESPRIT,61,1,1
EUROPA S,61,1,1
EVORA,61,1,1
EXIGE,61,1,1
F,62,1,1
RV8,62,1,1
TF135,62,1,1
TF160,62,1,1
ZT,62,1,1
ZTT,62,1,1
44,63,1,1
8,63,1,1
AERO 8,63,1,1
PLUS 4,63,1,1
CORNICHE,64,1,1
CORNICHE IV,64,1,1
DAWN,64,1,1
GHOST,64,1,1
GHOST II,64,1,1
PARK WARD,64,1,1
PHANTOM,64,1,1
PHANTOM COUPE,64,1,1
PHANTOM DROPHEAD COUPE,64,1,1
SILVER DAWN,64,1,1
SILVER SERAPH,64,1,1
SILVER SPIRIT II,64,1,1
SILVER SPUR,64,1,1
SILVER SPUR II,64,1,1
SILVER SPUR WITH DIVISION,64,1,1
TOURING LIMOUSINE,64,1,1
WRAITH,64,1,1
100,65,1,1
200,65,1,1
400,65,1,1
600,65,1,1
75,65,1,1
800,65,1,1
CABRIOLET,65,1,1
COUPE,65,1,1
GSI ESTATE,65,1,1
MINI,65,1,1
TOURER,65,1,1
CERBERRA,66,1,1
CHIMAERA,66,1,1
GRIFFITH,66,1,1
T350,66,1,1
TAMORA,66,1,1
TUSCAN,66,1,1
EZONE SEDAN,67,1,1
MATIZ,68,1,1
MATIZ,69,1,1
COUPE,70,1,1
ELANTRA,70,1,1
ELANTRA EURO,70,1,1
GRANDEUR,70,1,1
I30,70,1,1
I30 CW,70,1,1
JM,70,1,1
SANTA FE,70,1,1
SONATA,70,1,1
TB,70,1,1
TRAJET,70,1,1
XG250,70,1,1
XG300,70,1,1
XG300L,70,1,1
VIGATO,71,1,1
S3,72,1,1
